Id,FirstName,LastName,Age
88,Pierson,Tilley,20
94,See,Kagan,20
207,Giffard,Suggey,20
403,Dolf,Ades,20
435,Cad,Cogley,20
505,Augustin,Grouse,20
526,Joelly,Kingdon,20
652,Matilda,Chatterton,20
694,Amanda,Ruddoch,20
695,Roger,Gasparro,20
700,Ashlan,Hanhart,20
730,April,Godspede,20
744,Tammie,Garlicke,20
752,Currey,Labeuil,20
835,Lucien,Nolleth,20
846,Saree,Burchill,20
862,Bartholomew,Ciani,20
915,Merrill,Stokell,20
936,Paddy,Bagniuk,20
36,Gaby,Janaszewski,21
39,Damiano,Atack,21
68,Matias,Ripping,21
77,Quillan,Sutter,21
101,Ainsley,Pepye,21
117,Cheryl,Maffetti,21
152,Verne,Basford,21
206,Eran,Quinnelly,21
211,Shirl,Romera,21
287,Claudius,Stickens,21
517,Helen,Pattington,21
520,Marys,Larmett,21
543,Ardelis,Brouwer,21
657,Thorin,Kaasman,21
686,Leonardo,Urien,21
771,Calla,Northedge,21
938,Allistir,Jerams,21
76,Claybourne,Dunniom,22
110,Pooh,Spencelayh,22
223,Brandais,Minchindon,22
231,Nobe,Teck,22
316,Sharron,Ollie,22
369,Darwin,Carvill,22
397,Allx,Eymor,22
428,Kerrill,Zywicki,22
506,Haily,Kilmurray,22
553,Koressa,Freeborn,22
572,Nobie,MacGilrewy,22
677,Pearla,Zannini,22
750,Dennison,Elsbury,22
766,Constantia,Grabban,22
795,Pippo,Spoors,22
960,Roshelle,Churchouse,22
83,Elenore,Vaune,23
124,Danell,Bardsley,23
127,Chrysler,Taffie,23
144,Sabrina,Lundie,23
161,Xylina,Blodgett,23
262,Avictor,Timeby,23
266,Sabra,Fielding,23
311,Ange,Purcell,23
323,Ted,Virgoe,23
379,Celestyn,Hof,23
398,Spencer,Joseph,23
405,Eartha,Pipkin,23
469,Davin,Froschauer,23
549,Ivonne,Tethcote,23
633,Lola,Gillopp,23
673,Ike,Franzman,23
712,Alfons,Burns,23
717,Ezekiel,Conquer,23
721,Shawn,Cosyns,23
14,Pavia,McKeon,23
834,Keri,Schubbert,23
894,Flor,McLewd,23
928,Dorian,Hogbourne,23
951,Eliza,Rainbird,23
102,Tammie,Lamartine,24
130,Ralph,Theodore,24
131,Bamby,Wemyss,24
133,Bradly,Haney`,24
143,Alethea,Goodridge,24
182,Leon,Caffin,24
246,Raphaela,Swainston,24
491,Nicolais,Nesby,24
496,Adelle,Ovill,24
515,Andros,Searjeant,24
530,Scarface,Angrave,24
544,Maddie,Ledrane,24
576,Kim,Le feaver,24
625,Grier,Patifield,24
647,Celestina,Norgan,24
739,Mace,Guilfoyle,24
740,Petronia,Elgie,24
760,Emerson,Divina,24
774,Wynn,Murray,24
74,Farra,Ivins,24
897,Sylas,Campkin,24
934,Amandi,Turtle,24
986,Sawyere,Meedendorpe,24
126,Pete,Shasnan,25
173,Dulci,Dimitresco,25
237,Ave,Eggle,25
324,Claudine,Kirmond,25
367,Arte,Wardale,25
438,Debor,Bardey,25
489,Any,Jeckell,25
518,Burnard,Bernardy,25
568,Sherwood,Grummitt,25
628,Prudi,Sutlieff,25
641,Calley,Donlon,25
680,Laurens,Peet,25
696,Paulina,Rawet,25
69,Murry,Bernaldo,25
50,Osbourn,Nockalls,25
780,Cornelle,Jakeman,25
799,Donn,Skylett,25
875,Padraic,Seak,25
907,Angil,Torbet,25
912,Scotti,Bolger,25
931,Rickard,Brownlee,25
974,Cary,Pentlow,25
982,Jeniffer,Annetts,25
988,Denney,St. Pierre,25
137,Luz,Horsfield,26
139,Jake,Byrom,26
217,Dionne,Izen,26
353,Gwenora,Spurgin,26
378,Charles,Jindrich,26
408,Natassia,MacEntee,26
443,Red,Marques,26
470,Wang,Kurth,26
498,Yalonda,Lanney,26
512,Ezequiel,Sparks,26
522,Brandie,Bowell,26
108,Clive,Cotton,26
585,Cammie,A'field,26
593,Theodor,Burgis,26
600,Eric,Doniso,26
666,Alfy,Wisher,26
723,Merwyn,Batchelder,26
735,Hoyt,Trimme,26
736,Othelia,Robardet,26
853,Reginauld,Crofthwaite,26
885,Bordy,Quincee,26
891,Angeli,Raimbauld,26
898,Dulsea,Hookes,26
910,Saudra,McManamon,26
919,Concordia,Croasdale,26
922,Haze,Melby,26
979,Morse,Bayless,26
168,Abbey,Canellas,27
27,Dorita,Davidde,27
236,Gretna,Towner,27
277,Nevin,Feldmark,27
362,Francois,Lilford,27
485,Trip,Chard,27
508,Kaine,Wansbury,27
609,Floria,Lawty,27
709,Berni,Sustins,27
765,Arman,Medling,27
95,Boot,Gareisr,27
778,Noell,Bowdery,27
916,Jarrid,Stenet,27
946,Pat,Offord,27
150,Chaim,Tidswell,27
190,Samuele,Turle,28
269,Allayne,McKeachie,28
337,Aundrea,Winchcum,28
465,Felisha,Blethin,28
476,Harcourt,Dougan,28
481,Janeva,Jakubovics,28
84,Hollis,Edney,28
6,Stella,Clink,28
525,Obed,Trevain,28
557,Towney,Bessell,28
560,Mirella,Waliszewski,28
573,Nessie,Mullany,28
587,Rozelle,Siviter,28
592,Ravi,Assiratti,28
664,Jaine,Butterfill,28
93,Chlo,O' Byrne,28
751,Rica,McLleese,28
820,Kinna,Potebury,28
863,Clevey,Ealles,28
53,Edsel,Blessed,29
258,Bryant,Losty,29
61,Leonore,Cureton,29
334,Rebekkah,Hollibone,29
356,Lida,Charter,29
372,Corbet,Goter,29
396,Si,Dovey,29
78,Mufi,Darke,29
170,Wenonah,Tizzard,29
504,Valentin,Olivet,29
602,Lilah,Govenlock,29
678,Dermot,Burkinshaw,29
727,Arnuad,Stennet,29
768,Merilee,Humpage,29
786,Lyn,Snoxall,29
828,Candide,Wonham,29
883,Cosimo,Girardin,29
119,Paulina,Meatyard,29
921,Millard,Brommage,29
956,Ashia,Gallatly,29
964,Dennison,Harrow,29
121,Kerby,Desporte,29
23,Byran,Branton,30
273,Egor,Markham,30
314,Elga,Tammadge,30
151,Enid,Crayker,30
55,Anderea,Braysher,30
358,Sonni,Espin,30
128,Prue,Donneely,30
383,Maggee,Ord,30
43,Alethea,Gladwin,30
475,Beret,Pack,30
193,Mychal,Butterick,30
493,Virginia,Javes,30
494,Jarred,Claricoats,30
564,Arel,Lowthorpe,30
125,Sullivan,Rulten,30
683,Marius,Amner,30
714,Tad,Vogelein,30
12,Cornie,Vernay,30
805,Vince,Skipsea,30
833,Chere,Olley,30
841,Donavon,Camell,30
81,Kary,Redholes,30
164,Noni,Maxted,30
952,Minetta,Pinchon,30
997,Alleen,Sackes,30
234,Dorette,Prahm,31
185,Flemming,Skitterel,31
256,Sammy,Thornewill,31
374,Heindrick,Feuell,31
392,Raven,Debill,31
440,Elka,Coneron,31
460,Lynn,Bims,31
466,Bren,Mendonca,31
521,Zoe,Truscott,31
523,Zak,Beller,31
649,Baillie,Breckon,31
180,Vin,Everist,31
672,Libbi,Stoite,31
691,Margeaux,Couchman,31
718,Donnamarie,Edginton,31
728,Marcelline,Fennessy,31
772,Garey,Drysdall,31
17,Justino,Coxwell,31
878,Bobby,Brisseau,31
881,Aube,Ragbourn,31
118,Gene,Gatcliff,31
970,Trixi,Rycroft,31
993,Avictor,Kenrack,31
290,Cammi,Dutchburn,32
338,Sissy,Blower,32
346,Connie,Hansbury,32
410,Fernande,Raigatt,32
105,Halsy,Pretswell,32
453,Lexi,Tattersdill,32
537,Gawen,Huckleby,32
608,Robinetta,Pinkstone,32
614,Paco,Giotto,32
620,Heidi,Shevlan,32
630,Nerta,Wilbraham,32
8,Jannelle,Robker,32
688,Shir,Sirman,32
701,Grata,Coggan,32
708,Dawna,Glasscott,32
788,Caren,Cavill,32
802,Pauletta,Markwick,32
826,Geraldine,Lodewick,32
120,Em,Wilkenson,32
965,Rosetta,Petrik,32
283,Norbie,Bloy,33
187,Timi,Wilstead,33
352,Jilly,Twells,33
394,Darya,Bellon,33
404,Pail,Longega,33
425,Seymour,Tosspell,33
5,Filmer,Kryszkiecicz,33
439,Kelbee,Bulgen,33
447,Letisha,Kilcullen,33
449,Kimberlyn,Greve,33
471,Alberto,Callicott,33
495,Jaine,MacMenemy,33
540,Rhona,Champerlen,33
548,Carey,Cufflin,33
554,Bianca,Billie,33
577,Vanda,Detoile,33
264,Lenora,Chaldecott,33
112,Marylou,Hourican,33
57,Lanni,Melloy,33
811,Heidi,Brane,33
851,Linn,Leglise,33
251,Rebekah,Mitchenson,33
19,Justis,Easterby,33
948,Nataline,Edden,33
37,Marti,Ferrettino,33
306,Amelie,Brunsdon,34
400,Wendell,Jauncey,34
455,Claire,Headings,34
156,Briney,Bridgeman,34
80,Mehetabel,Maslen,34
86,Helen-elizabeth,Upchurch,34
174,Donn,Kohrsen,34
261,Ardeen,Ewings,34
551,Bobbie,Skaife,34
586,Chico,Lickess,34
178,Giffy,Sunner,34
619,Katha,Husbands,34
653,Maren,Suthren,34
221,Kenny,Keyho,34
267,Letizia,Delepine,34
698,Garry,Sawdy,34
732,Pauletta,Salmen,34
225,Kathie,Bunford,34
97,Suzann,Blazewicz,34
967,Lazar,Creyke,34
123,Dall,Bellany,34
276,Leela,Abrahamsson,35
335,Yolane,De Carteret,35
354,Ev,Wincott,35
380,Jonie,Crauford,35
381,Isidro,Fermer,35
186,Nobie,Pavey,35
421,Kain,Fortun,35
424,Dorie,Cadlock,35
171,Dian,Febre,35
513,Jerri,Arkil,35
134,Josefa,McEnhill,35
288,Marlena,Stansby,35
46,Tessa,Palle,35
555,Gunther,Garrand,35
176,Mickey,Pallaske,35
89,Andrei,Ballendine,35
590,Ceil,Sutlieff,35
637,Dex,Joyes,35
715,Delilah,Carrier,35
762,Jonah,Creus,35
763,Carry,Costar,35
852,Balduin,Ayscough,35
861,Karney,Keave,35
903,Dacie,Riepl,35
908,Rosabella,Laffan,35
298,Brandtr,Prior,35
954,Viv,Rhyme,35
205,Orel,Hand,35
995,Caro,Kitchingman,35
42,Allis,Crittal,36
395,Betsy,Ruckert,36
427,Carmita,Finkle,36
448,Jock,Renn,36
456,Petronilla,Siley,36
459,Giacinta,Marzelo,36
503,Rivkah,Moxom,36
24,Jeth,Allibone,36
66,Vale,Galbraeth,36
558,Merci,Prestland,36
570,Hoyt,Pettifor,36
265,Stacy,Beaver,36
640,Myles,Loxston,36
687,Coletta,Inwood,36
764,Gwenore,Scrooby,36
767,Tessie,Test,36
801,Kaylyn,Dominec,36
815,Brandais,Oles,36
827,Norrie,Hallum,36
895,Kevin,Roseaman,36
924,Lawton,Pouton,36
933,Clerc,Livingstone,36
987,Dominique,Baron,36
320,Randa,Aucoate,36
284,Rheba,Anglim,37
510,Catherina,Warby,37
533,Dennie,Torrisi,37
212,Alfie,Harmon,37
188,Leonore,Godsafe,37
310,Ainslee,Havard,37
158,Alikee,Boraston,37
616,Ines,Lambdon,37
651,Diann,Sliney,37
665,Maurise,Shakesby,37
704,Christos,Breem,37
113,Bertrand,Littrik,37
720,Anna-diane,McPartling,37
364,Mirella,Bisiker,37
823,Helenelizabeth,Willbraham,37
855,Rad,Argente,37
184,Britteny,Stodart,37
145,Cecile,Iddiens,37
370,Melly,Pascow,37
943,Katheryn,Janouch,37
953,Elsa,Parham,37
254,Annis,Stephenson,37
1000,Tim,Doche,37
413,Juliet,Dunbar,38
281,Jasen,Errey,38
442,Onida,Matteo,38
275,Carroll,Puddin,38
329,Sandra,Wain,38
500,Eartha,Threadkell,38
357,Gannie,Cottie,38
375,Lucinda,Garroway,38
304,Kristy,Reditt,38
534,Trish,Sadry,38
213,Carlos,Pautard,38
210,Bliss,Mitchenson,38
361,Bonni,Farnon,38
719,Louie,Romanelli,38
141,Daffy,Cusack,38
340,Roanna,Offin,38
779,Dimitry,Burchell,38
368,Agatha,Sandells,38
295,Madeline,Sinclaire,38
296,Howey,Blakeway,38
884,Willey,Glason,38
886,Jacki,Yves,38
905,Idalia,O'Cuddie,38
299,Tully,Cowup,38
278,Aron,Colliver,38
961,Anabel,Windaybank,38
983,Aeriela,Broadway,38
429,Laney,Klimkovich,39
285,Nana,Stephens,39
482,Amil,Scoles,39
486,Nancey,Abbey,39
487,Basile,Wrate,39
305,Israel,Ibbotson,39
547,Eddy,Boydle,39
407,Lynnette,Tillman,39
623,Ephraim,Klauber,39
624,Lisa,Skewis,39
668,Malvin,Dinsey,39
699,Cati,Millsap,39
385,Leanna,Bendell,39
759,Sela,Gahan,39
782,Annadiane,Bantick,39
73,Kellen,Clohisey,39
416,Isak,Targett,39
945,Arthur,Attenburrow,39
950,Norma,Duffet,39
26,Ebenezer,Crank,39
977,Jillayne,Organ,39
550,Allix,Craxford,40
359,Ertha,Fontel,40
561,Mose,Paish,40
195,Norma,Loncaster,40
603,Sandi,Treppas,40
33,Skylar,Deeth,40
660,Barrie,Minguet,40
675,Faulkner,Radbourne,40
167,Anny,Tolwood,40
711,Laurent,Pfeffel,40
35,Cinda,Crenshaw,40
816,Nadiya,Rieger,40
388,Lizzie,Philipet,40
829,Roddie,Tytherton,40
913,Cassaundra,Rolin,40
947,Deni,Camble,40
122,Peria,Girdwood,40
565,Ranice,Pygott,41
580,Roddy,Elgram,41
604,Yuma,Twitching,41
622,Cordelie,Careswell,41
636,Archambault,Pettyfer,41
643,Nolie,McDonald,41
713,Horatius,Isaak,41
722,Delly,Batham,41
13,Hubey,Pedrocchi,41
798,Bekki,Durbann,41
16,Aldric,Turle,41
342,Kirsti,Bains,41
854,Nonnah,Gatlin,41
896,Tammie,Ferrant,41
962,Hadria,Streetley,41
978,Rachael,Konmann,41
330,Cy,Haddleston,42
516,Zebedee,Riccelli,42
556,Elsinore,Tonnesen,42
135,Dorree,Ruzic,42
615,Gabriel,Gaveltone,42
433,Dew,Cadagan,42
312,Romola,Lepard,42
674,D'arcy,Lyddon,42
741,Guglielma,Hallwell,42
198,Klemens,Daens,42
791,Hector,Fentem,42
794,Milton,Ruggles,42
317,Aarika,Henzer,42
864,Barnebas,Armfirld,42
902,Karly,Bernardon,42
926,Catie,Shilito,42
348,Stanfield,Brands,42
969,Haley,Wallach,42
29,Annemarie,Flanigan,43
309,Sammie,Wattinham,43
601,Lusa,Ferryman,43
58,Raquel,Gymblett,43
291,Marley,De Blasi,43
450,Alasteir,Robbeke,43
244,Silvana,Seamark,43
222,Valentijn,Blackster,43
689,Pedro,Boullin,43
710,Filberte,Gillicuddy,43
21,Chris,Lante,43
745,Dehlia,Dingsdale,43
769,Reuven,Howchin,43
248,Cornelle,Garms,43
792,Levi,Marks,43
458,Lethia,Paeckmeyer,43
227,Meriel,Lufkin,43
847,Jessalin,Whitehall,43
849,Tabina,Nell,43
890,Leyla,Devo,43
355,Nola,Windress,43
944,Kane,McGilvray,43
975,Hervey,Bader,43
991,Emmerich,Burnapp,43
307,Allan,Exon,44
539,Ilsa,Tesoe,44
401,Kelsy,Penquet,44
360,Maggie,Smallman,44
584,Irv,Presland,44
588,Dannie,Nehlsen,44
591,Sammy,Vaszoly,44
597,Filide,Peacocke,44
650,Gracia,Ingon,44
669,Wynn,Lahy,44
189,Roseanne,Elles,44
697,Netti,Ginnane,44
326,Carolin,Haddeston,44
224,Bethena,Bottlestone,44
2,Lelah,Surgeon,44
761,Kora,Darte,44
341,Abbey,Dibdall,44
804,Clemmy,Bader,44
819,Petra,Walstow,44
839,Arlinda,Noell,44
343,Murielle,Yukhnini,44
865,Neale,Jouanny,44
873,Alverta,Pointin,44
3,Dorena,Mingasson,44
418,Layla,Auger,44
914,Beatriz,Haselwood,44
393,Dennie,Quig,44
107,Tammi,Oglethorpe,44
989,Hannah,Gloy,44
431,Terrijo,Gabbidon,45
567,Dorella,Donhardt,45
579,Tilly,Frarey,45
631,Serena,Sawl,45
467,Heall,Coulsen,45
528,Lilyan,Andrick,45
667,Antonin,McPolin,45
48,Rozalin,Cappell,45
679,Woodrow,McLeish,45
245,Morly,Gibbon,45
63,Ferris,Gurys,45
45,Becki,Noore,45
747,Glenda,Dossetter,45
793,Currie,Caustick,45
807,Marty,Sweating,45
417,Wilie,Linggood,45
345,Ronnie,Hoyles,45
941,Reeva,Osburn,45
949,Wendi,Clayal,45
998,Ellsworth,Penswick,45
524,Concordia,Tindall,46
235,Pavlov,Slym,46
617,Maura,MacGaughy,46
626,Cindi,Keele,46
289,Cherie,Gatherer,46
59,William,Kennerley,46
194,Katy,Jobbings,46
468,Sanson,Stonman,46
532,Fonz,Saunder,46
738,Richmond,Goldhawk,46
160,Jordon,Floyed,46
162,Nathanil,Challin,46
796,Cam,Fincham,46
280,Teresita,Cossey,46
813,Jeddy,Witcherley,46
830,Ceciley,Symers,46
282,Danya,Spier,46
15,Doralynn,Mounfield,46
328,Rania,Gonzalvo,46
900,Jephthah,Lardeux,46
906,Darell,Center,46
252,Karim,Badland,46
925,Sawyer,Bartolomucci,46
937,Gregory,Fairbridge,46
939,Yurik,Grazier,46
972,George,Eddins,46
976,Vincenz,Thonger,46
464,Gerri,Tattersdill,47
60,Kippie,Weed,47
402,Sybille,Peake,47
642,Corri,Mattys,47
333,Thaine,Kenefick,47
645,Kathe,Kluss,47
661,Chelsey,Cuniam,47
662,Betsey,Caddies,47
255,Consolata,Seivertsen,47
737,Carly,Berard,47
748,Bradly,Holyland,47
509,Nickey,Alejo,47
259,Abraham,McQuarter,47
199,Lynsey,Cleevely,47
845,Harcourt,De Hailes,47
300,Sutton,Oman,47
930,Wilhelmina,Vyvyan,47
274,Erminia,Braddon,47
253,Evelyn,Hunton,47
40,Matthias,Iacovo,47
191,Carey,Buckie,47
91,Pia,Hawkyens,48
451,Almeria,Harme,48
10,Marcy,McPherson,48
384,Cyril,Coronado,48
454,Genni,Pleat,48
322,Brig,Kleint,48
437,Aigneis,Campany,48
51,Verge,Jakovijevic,48
582,D'arcy,Kisby,48
822,Emma,Campbell,48
250,Tamma,Virgo,48
879,Hakim,Itshak,48
148,Marlene,Summerside,48
54,Vic,Porteous,48
229,Lanette,Sellner,48
204,Godfree,Borman,48
966,Claudina,Cottle,48
319,Dorian,Sherwyn,48
430,Sascha,Smowton,48
994,Leonid,Vine,48
38,Mariejeanne,Penning,49
685,Larry,Kersley,49
527,Danella,Derx,49
268,Charmain,Stormonth,49
247,Isaiah,Sprague,49
376,Jordain,O'Hogertie,49
82,Isiahi,Holttom,49
535,Olwen,Burgh,49
365,Gwyneth,Lucas,49
812,Lenore,Whiteley,49
228,Rodrick,Isgar,49
859,Norine,Kingsnoad,49
541,Brett,Sealove,49
909,Mommy,Halling,49
202,Kimmie,Enston,49
479,Heath,Windaybank,49
297,Rance,Luigi,49
632,Ardelis,Paute,49
971,Fanny,Merrikin,49
519,Estel,Millan,49
331,Radcliffe,Geaves,49
502,Carmine,Basketter,50
690,Garald,Ducarne,50
702,Del,Bache,50
169,Tome,Nials,50
197,Conny,Kaley,50
79,Germana,Waite,50
746,Bettine,Tildesley,50
302,Jarred,Brenstuhl,50
607,Durward,Relton,50
790,Boniface,Firsby,50
797,Hanan,Wardel,50
271,Reggis,Pach,50
809,Erminie,Scarasbrick,50
837,Mayor,Parmeter,50
838,Antonietta,Froome,50
415,Lion,Killgus,50
153,Eldredge,Bunney,50
52,Binnie,Rennocks,50
422,Susette,Rossbrooke,50
973,Hetty,Howsam,50
684,Meier,Bewshaw,51
659,Trace,Claypoole,51
446,Cherey,Spacy,51
232,Hymie,Howgate,51
92,Megan,Jorczyk,51
243,Miles,Kingsly,51
749,Kellby,Gon,51
138,Latia,Knappe,51
757,Terrie,Powe,51
115,Eugenie,Whitwell,51
787,Pooh,Amberger,51
366,Candide,Sergent,51
31,Kerr,Switsur,51
490,Nora,Gowry,51
808,Frasco,Kike,51
321,Weidar,Mattusov,51
821,Sarette,Clutton,51
840,Carson,Cahey,51
844,Gusta,Redgate,51
848,Chelsey,Leband,51
514,Jeno,Attree,51
201,Bette-ann,Farrans,51
216,Marchelle,Bannon,51
492,Hirsch,Knowles,51
545,Sutherland,Andrews,51
163,Monah,Emby,51
75,Leoline,Bruinemann,51
959,Tawsha,Helsby,51
676,Taryn,Condie,51
100,Gunner,Schall,51
984,Jeromy,Vass,51
985,Oriana,Swayton,51
373,Myrtia,Dowker,51
332,Callie,Renoden,51
656,Reade,Foulis,51
992,Jerrold,Maunsell,51
733,Mic,Shilvock,52
770,Daniella,Stirrup,52
499,Reena,Jansson,52
693,Janine,Scotchford,52
836,Aloisia,Wemm,52
292,Christiana,Pitney,52
389,Quinta,Drews,52
542,Harriet,Shiels,52
391,Kerwin,Buntin,52
18,Ginger,Ubsdale,52
629,Chic,Pourvoieur,52
923,Leanna,Jiggen,52
546,Cleavland,Rivett,52
230,Bria,Skellon,52
444,Marieann,Dayton,52
336,Jordain,Gumery,52
999,Witty,McCurdy,52
743,Gwynne,Stefi,53
606,Andrey,Kauffman,53
90,Erina,Trevithick,53
806,Korney,Paulucci,53
670,Renado,Hawkey,53
104,Filbert,Maughan,53
843,Bobbie,Message,53
472,Morton,Schechter,53
531,Berget,Roselli,53
474,Bastien,Cameron,53
62,Donavon,Bartoshevich,53
893,Bogart,Culkin,53
703,Germaine,Reignould,53
920,Benjamin,Stephenson,53
612,Torrie,Peare,53
327,Morley,Titcom,53
963,Lodovico,Di Maria,53
634,Andi,Sey,53
595,Katy,Gounin,53
423,Maddalena,O'Hagirtie,53
239,Yvonne,Yosifov,53
426,Vittorio,Arnot,53
599,Cyrill,Boor,53
308,Norbert,Strelitzki,54
214,Deb,Badini,54
773,Stevy,Cowpe,54
377,Kesley,Beetles,54
200,Wilone,Meriot,54
136,Leodora,MacLaig,54
242,Gamaliel,Sorrie,54
11,Erhard,Cordeau,54
927,Arman,Mogridge,54
238,Salli,Bowe,54
399,Aubrey,Pierse,54
955,Esmeralda,Alenin,54
219,Michele,Hillborne,54
72,Rawley,Kemet,54
215,Amos,Pinxton,55
142,Ilsa,Moynham,55
432,Jacklyn,Arndell,55
871,Harmonie,Claringbold,55
25,Christan,Josef,55
32,Bethena,Ruberti,55
889,Sari,Reedman,55
129,Annalise,Fulks,55
911,Joshua,Winnister,55
663,Jerad,Mathen,55
598,Mohandis,Wiskar,55
420,Ivan,Saffle,55
301,Murray,O'Bradden,55
67,Margaretha,Rees,55
594,Jandy,Folkard,55
635,Alexandr,Deeks,55
990,Rhonda,Braban,55
209,Melony,Tyas,56
818,Dugald,Acomb,56
478,Reagen,Aland,56
742,Bent,Gough,56
149,Nerita,O'Currine,56
463,Kalila,Barczynski,56
929,Keslie,Chesnay,56
726,Barnabas,Abramowsky,56
536,Towny,Tilio,56
613,Davis,Longmuir,56
783,Nelli,Scrivener,56
681,Nicolas,Gligoraci,56
165,Judah,Brayson,56
260,Carlee,Edscer,56
159,Juline,Yonge,56
729,Consolata,Benedick,56
351,Sly,Pringuer,56
103,Ferrel,Flett,57
47,Parsifal,Witherbed,57
569,Waylon,Desaur,57
832,Putnam,Hutcheon,57
842,Justina,Mazzeo,57
610,Kellyann,Staterfield,57
22,Chiquita,Duiguid,57
858,Tabby,Delete,57
868,Ranique,MacKibbon,57
874,Dyanna,Speddin,57
627,Viviana,Smethurst,57
109,Foster,Osmon,57
350,Erda,Thominga,57
899,Ahmad,Fanning,57
731,Rik,Timcke,57
203,Cleopatra,Melledy,57
484,Frederigo,Fenlon,57
106,Bessie,Bert,57
968,Hakeem,Caneo,57
655,Romona,Sclanders,57
716,Isaak,Misson,57
461,Linet,Ginner,57
272,Britney,Rachuig,58
671,Pincas,Ead,58
240,Pen,MacCleod,58
857,Aloise,Belsham,58
390,Dulcy,Adamczyk,58
755,Roma,Vorley,58
880,Devinne,Pawlata,58
220,Mercy,Dunkinson,58
1,Zack,Tomblings,58
318,Harrietta,Biggs,58
146,Minnie,Chesshyre,58
147,Archibald,MacCahee,58
382,Steffi,Martinolli,58
724,Farlee,Kubacki,58
932,Noak,Tapenden,58
409,Sawyer,Sailes,58
957,Claiborne,Scarasbrick,58
706,Eben,Routley,58
49,Persis,Korfmann,58
116,Demetri,Lamberth,58
621,Whittaker,Eccleshall,58
132,Brant,Drinan,58
578,Nicky,Mingardo,59
758,Mair,Drife,59
172,Ruttger,Polson,59
866,Georgena,Kellar,59
559,Dalenna,Jeayes,59
644,Damiano,Nevill,59
904,Britt,Jeppensen,59
419,Merilyn,Loughton,59
817,Erin,Blasl,59
725,Ardra,Carayol,59
529,Moore,Ottosen,59
20,Alejoa,Sproston,59
940,Virgilio,Parmby,59
257,Tamma,Ellingham,59
705,Claire,Keigher,59
707,Nestor,Bagshawe,59
538,Rainer,Petrelli,59
981,Elissa,Georgot,59
596,Constantine,Fance,59
784,Melvyn,Strewthers,59
638,Lionel,Gales,59
349,Joli,Puleque,59
563,Ned,Warboys,59
501,Rana,Simper,59
753,Grete,Cakes,59
511,Durand,Lawlan,60
877,Suzi,Rambadt,60
646,Hatty,Burree,60
756,Laural,Greenaway,60
882,Rickard,Strivens,60
850,Lorry,Johannesson,60
56,Shermie,Bayles,60
111,Rhetta,Block,60
892,Verene,Radford,60
226,Boothe,Rogez,60
155,Andros,Luscott,60
775,Russ,Wardroper,60
177,Mariele,Selvester,60
618,Roxine,Dunkirk,60
917,Nanni,Brodest,60
208,Elwira,Errichi,60
824,Fanni,Goodyer,60
411,Agretha,Smeed,60
942,Kimberli,Swynley,60
279,Alonso,Van Arsdale,60
562,Jorgan,Van Cassel,60
64,Fletcher,Kinze,60
483,Joycelin,Rudloff,60
434,Lombard,Breem,60
996,Bevin,Deniseau,60
325,Florida,Dehm,60
175,Branden,Eliet,61
611,Pattie,Winks,61
294,Bondie,Lampbrecht,61
344,Kerk,Essame,61
473,Ekaterina,Allam,61
571,Fleurette,Dungay,61
831,Coletta,Shreve,61
140,Janeen,Hulke,61
34,Giulio,Lazare,61
658,Orrin,Hissie,61
887,Babita,Aleksahkin,61
154,Claudie,Haggeth,61
65,Candice,Croker,61
387,Millie,Josowitz,61
860,Bendicty,Cherry Holme,61
249,Silvie,Luke,61
41,Betsey,Danit,61
9,Courtnay,Cuttelar,61
192,Darda,Fosdyke,61
196,Kippy,Ivachyov,61
785,Cecilius,Dunmore,61
605,Miranda,Coaker,61
166,Luther,Juggings,61
303,Pren,Gwinn,62
412,Lars,Scoffins,62
157,Banky,Kix,62
589,Wald,Linggood,62
414,Alexandr,Gypps,62
566,Jami,Haldenby,62
293,Liva,Beddall,62
30,Terrie,Ponsford,62
552,Lela,Powling,62
44,Tucky,Echalier,62
639,Coleen,Buckerfield,62
85,Odilia,Gerriets,62
480,Bambi,Manhood,62
901,Tulley,Trank,62
70,Dale,Josupeit,62
96,Tonnie,Dyke,62
980,Osgood,Daburn,62
734,Bertha,Dalwood,62
918,Wright,Thwaites,62
315,Hana,Gaspard,62
867,Cherice,Notton,62
870,Lizzie,Guerra,62
497,Kacy,Derdes,63
488,Wood,Christophers,63
87,Zackariah,Dyche,63
347,Lolly,Stopford,63
754,Gasparo,Drewe,63
776,Job,Brugemann,63
452,Georgianna,Philipps,63
583,Emanuel,Baguley,63
781,Florida,Dregan,63
183,Jade,Braidman,63
286,Aveline,Babst,63
263,Betteanne,Olphert,63
803,Kalle,Netley,63
270,Aridatha,Rapport,63
581,Florance,Garvill,63
856,Duane,Birrell,63
872,Alyss,Bedow,63
28,Vaughn,Gaish,63
777,Nara,Munnings,63
825,Jerrome,Boshers,63
4,Boyd,Myles,63
575,Neale,Langrick,63
814,Hermann,Tarquinio,63
692,Cristin,Load,63
218,Toni,Creddon,64
574,Antonetta,Toman,64
462,Virgilio,Vedekhin,64
181,Horatius,Kreutzer,64
339,Loren,Milliere,64
386,Colas,Satyford,64
98,Albie,Edinburgh,64
654,Alvie,Kinsell,64
477,Bard,Kobpac,64
935,Gwyn,Blew,64
958,Gregoor,Blinco,64
457,Pierette,Romero,64
179,Eward,Waberer,64
445,Averell,Thonger,64
682,Fraze,Chasteau,64
406,Felecia,Corpe,64
363,Kit,Pascow,64
888,Romola,Ife,64
114,Kelsey,Bushell,64
7,Merline,Culshaw,64
233,Tandie,Eaklee,64
789,Brana,Paulo,65
71,Lyndsie,Swannick,65
507,Rouvin,Yakubov,65
441,Correy,Ogilby,65
436,Silvano,Lonnon,65
800,Clementia,Gaddas,65
241,Sheila-kathryn,Bum,65
313,Clay,Beranek,65
371,Madalena,Hacquoil,65
876,Gavan,Yuryichev,65
810,Lewes,McGovern,65
869,Myron,Alldred,65
648,Wanda,McManamen,65
99,Clio,Vautier,65